Depth Map with Slider View,16-bit raw depth (can be considered as disparity),flag,username,timestamp
"[{""path"":""gradio_cached_examples/10/Depth Map with Slider View/f7ce35ef8a492fa9e89a/image.png"",""url"":null,""size"":null,""orig_name"":null,""mime_type"":null},{""path"":""gradio_cached_examples/10/Depth Map with Slider View/7dab9845631bb740b9b3/image.png"",""url"":null,""size"":null,""orig_name"":null,""mime_type"":null}]","{""path"":""gradio_cached_examples/10/16-bit raw depth can be considered as disparity/317bfdff2a51f7697588/tmp3akp9q9r.png"",""url"":null,""size"":77496,""orig_name"":""tmp3akp9q9r.png"",""mime_type"":null}",,,2024-01-28 08:10:16.287011
"[{""path"":""gradio_cached_examples/10/Depth Map with Slider View/447f11871c9b9be04158/image.png"",""url"":null,""size"":null,""orig_name"":null,""mime_type"":null},{""path"":""gradio_cached_examples/10/Depth Map with Slider View/6e3bf7dfb81357932672/image.png"",""url"":null,""size"":null,""orig_name"":null,""mime_type"":null}]","{""path"":""gradio_cached_examples/10/16-bit raw depth can be considered as disparity/f2318b10df24514f6701/tmpagdiygqz.png"",""url"":null,""size"":391859,""orig_name"":""tmpagdiygqz.png"",""mime_type"":null}",,,2024-01-28 08:10:19.106621
"[{""path"":""gradio_cached_examples/10/Depth Map with Slider View/e1c755842994e84362f1/image.png"",""url"":null,""size"":null,""orig_name"":null,""mime_type"":null},{""path"":""gradio_cached_examples/10/Depth Map with Slider View/cdc0cad7cc82e16875b7/image.png"",""url"":null,""size"":null,""orig_name"":null,""mime_type"":null}]","{""path"":""gradio_cached_examples/10/16-bit raw depth can be considered as disparity/e7618b0207f62134d716/tmpv1vpgro2.png"",""url"":null,""size"":152413,""orig_name"":""tmpv1vpgro2.png"",""mime_type"":null}",,,2024-01-28 08:10:21.095167
"[{""path"":""gradio_cached_examples/10/Depth Map with Slider View/88af2bcb2817d5be1a64/image.png"",""url"":null,""size"":null,""orig_name"":null,""mime_type"":null},{""path"":""gradio_cached_examples/10/Depth Map with Slider View/02b93b4aba1560b38988/image.png"",""url"":null,""size"":null,""orig_name"":null,""mime_type"":null}]","{""path"":""gradio_cached_examples/10/16-bit raw depth can be considered as disparity/3c9864ec4cd3c3a5a563/tmpgq_lisep.png"",""url"":null,""size"":181498,""orig_name"":""tmpgq_lisep.png"",""mime_type"":null}",,,2024-01-28 08:10:23.535425
"[{""path"":""gradio_cached_examples/10/Depth Map with Slider View/3d1485874f5819fdb186/image.png"",""url"":null,""size"":null,""orig_name"":null,""mime_type"":null},{""path"":""gradio_cached_examples/10/Depth Map with Slider View/b512d345f26c4755abe1/image.png"",""url"":null,""size"":null,""orig_name"":null,""mime_type"":null}]","{""path"":""gradio_cached_examples/10/16-bit raw depth can be considered as disparity/4db928fcb6009aa07261/tmpan9u8a3n.png"",""url"":null,""size"":192991,""orig_name"":""tmpan9u8a3n.png"",""mime_type"":null}",,,2024-01-28 08:10:26.266197
"[{""path"":""gradio_cached_examples/10/Depth Map with Slider View/e6005f747172a1ff77f9/image.png"",""url"":null,""size"":null,""orig_name"":null,""mime_type"":null},{""path"":""gradio_cached_examples/10/Depth Map with Slider View/61cec9ac9d663dcb8ad1/image.png"",""url"":null,""size"":null,""orig_name"":null,""mime_type"":null}]","{""path"":""gradio_cached_examples/10/16-bit raw depth can be considered as disparity/25718f5a839fa1429492/tmpan9v4d_m.png"",""url"":null,""size"":410500,""orig_name"":""tmpan9v4d_m.png"",""mime_type"":null}",,,2024-01-28 08:10:30.017311
"[{""path"":""gradio_cached_examples/10/Depth Map with Slider View/7788fb01e211f77505f5/image.png"",""url"":null,""size"":null,""orig_name"":null,""mime_type"":null},{""path"":""gradio_cached_examples/10/Depth Map with Slider View/a96fa09fc32c542e5a6d/image.png"",""url"":null,""size"":null,""orig_name"":null,""mime_type"":null}]","{""path"":""gradio_cached_examples/10/16-bit raw depth can be considered as disparity/62a7b7e5dbd301e92f95/tmp3fcay81p.png"",""url"":null,""size"":277487,""orig_name"":""tmp3fcay81p.png"",""mime_type"":null}",,,2024-01-28 08:10:34.068941
"[{""path"":""gradio_cached_examples/10/Depth Map with Slider View/b3e965d4875179f775e3/image.png"",""url"":null,""size"":null,""orig_name"":null,""mime_type"":null},{""path"":""gradio_cached_examples/10/Depth Map with Slider View/9adf0901745a17bfede3/image.png"",""url"":null,""size"":null,""orig_name"":null,""mime_type"":null}]","{""path"":""gradio_cached_examples/10/16-bit raw depth can be considered as disparity/41ab258f469ddc1559be/tmpbrcplb0u.png"",""url"":null,""size"":381258,""orig_name"":""tmpbrcplb0u.png"",""mime_type"":null}",,,2024-01-28 08:10:37.635054
"[{""path"":""gradio_cached_examples/10/Depth Map with Slider View/c2920764ed1336b03a1d/image.png"",""url"":null,""size"":null,""orig_name"":null,""mime_type"":null},{""path"":""gradio_cached_examples/10/Depth Map with Slider View/19ec4145dfc45ca48f81/image.png"",""url"":null,""size"":null,""orig_name"":null,""mime_type"":null}]","{""path"":""gradio_cached_examples/10/16-bit raw depth can be considered as disparity/7503d3e561b1503204b9/tmpdty4ma2b.png"",""url"":null,""size"":255366,""orig_name"":""tmpdty4ma2b.png"",""mime_type"":null}",,,2024-01-28 08:10:39.393226
"[{""path"":""gradio_cached_examples/10/Depth Map with Slider View/92432b6b3f6b45b3c5a2/image.png"",""url"":null,""size"":null,""orig_name"":null,""mime_type"":null},{""path"":""gradio_cached_examples/10/Depth Map with Slider View/1231070e544026815465/image.png"",""url"":null,""size"":null,""orig_name"":null,""mime_type"":null}]","{""path"":""gradio_cached_examples/10/16-bit raw depth can be considered as disparity/7fd95907682831e9a7de/tmpok2haadv.png"",""url"":null,""size"":347061,""orig_name"":""tmpok2haadv.png"",""mime_type"":null}",,,2024-01-28 08:10:42.268619
"[{""path"":""gradio_cached_examples/10/Depth Map with Slider View/6e55523100b460e16eb4/image.png"",""url"":null,""size"":null,""orig_name"":null,""mime_type"":null},{""path"":""gradio_cached_examples/10/Depth Map with Slider View/78d907c67883011cb9bc/image.png"",""url"":null,""size"":null,""orig_name"":null,""mime_type"":null}]","{""path"":""gradio_cached_examples/10/16-bit raw depth can be considered as disparity/2a27eb95995f41343312/tmpq50gwktp.png"",""url"":null,""size"":219049,""orig_name"":""tmpq50gwktp.png"",""mime_type"":null}",,,2024-01-28 08:10:45.736934
"[{""path"":""gradio_cached_examples/10/Depth Map with Slider View/a94867e5e0f7e7777fb2/image.png"",""url"":null,""size"":null,""orig_name"":null,""mime_type"":null},{""path"":""gradio_cached_examples/10/Depth Map with Slider View/593d74616c51789b0295/image.png"",""url"":null,""size"":null,""orig_name"":null,""mime_type"":null}]","{""path"":""gradio_cached_examples/10/16-bit raw depth can be considered as disparity/b9b573c9633d49da2cf7/tmpk9x8nr13.png"",""url"":null,""size"":150399,""orig_name"":""tmpk9x8nr13.png"",""mime_type"":null}",,,2024-01-28 08:10:46.551985
"[{""path"":""gradio_cached_examples/10/Depth Map with Slider View/568f026d0ed960d50c1f/image.png"",""url"":null,""size"":null,""orig_name"":null,""mime_type"":null},{""path"":""gradio_cached_examples/10/Depth Map with Slider View/ae651d66e5296d454bb5/image.png"",""url"":null,""size"":null,""orig_name"":null,""mime_type"":null}]","{""path"":""gradio_cached_examples/10/16-bit raw depth can be considered as disparity/14c1f08e95625216869f/tmpkyv269u0.png"",""url"":null,""size"":406705,""orig_name"":""tmpkyv269u0.png"",""mime_type"":null}",,,2024-01-28 08:10:50.326522
"[{""path"":""gradio_cached_examples/10/Depth Map with Slider View/b24630ed33daf3da4ac4/image.png"",""url"":null,""size"":null,""orig_name"":null,""mime_type"":null},{""path"":""gradio_cached_examples/10/Depth Map with Slider View/e568a693c4432ba3b50c/image.png"",""url"":null,""size"":null,""orig_name"":null,""mime_type"":null}]","{""path"":""gradio_cached_examples/10/16-bit raw depth can be considered as disparity/e3b1812555ad473a1aac/tmpgx362yi7.png"",""url"":null,""size"":102249,""orig_name"":""tmpgx362yi7.png"",""mime_type"":null}",,,2024-01-28 08:10:51.089163
"[{""path"":""gradio_cached_examples/10/Depth Map with Slider View/565240be97a4ec88ce6f/image.png"",""url"":null,""size"":null,""orig_name"":null,""mime_type"":null},{""path"":""gradio_cached_examples/10/Depth Map with Slider View/8e4c961ea063410e3eaa/image.png"",""url"":null,""size"":null,""orig_name"":null,""mime_type"":null}]","{""path"":""gradio_cached_examples/10/16-bit raw depth can be considered as disparity/0a0f20badf5eb8f87481/tmplzb44cny.png"",""url"":null,""size"":144718,""orig_name"":""tmplzb44cny.png"",""mime_type"":null}",,,2024-01-28 08:10:53.781412
"[{""path"":""gradio_cached_examples/10/Depth Map with Slider View/53313985bb869f671360/image.png"",""url"":null,""size"":null,""orig_name"":null,""mime_type"":null},{""path"":""gradio_cached_examples/10/Depth Map with Slider View/ee61cabded27737e05bd/image.png"",""url"":null,""size"":null,""orig_name"":null,""mime_type"":null}]","{""path"":""gradio_cached_examples/10/16-bit raw depth can be considered as disparity/a046e2ee00e11f7b9cd2/tmpwytnde_t.png"",""url"":null,""size"":374503,""orig_name"":""tmpwytnde_t.png"",""mime_type"":null}",,,2024-01-28 08:10:56.718527
"[{""path"":""gradio_cached_examples/10/Depth Map with Slider View/db4e01120a153e6bdfc3/image.png"",""url"":null,""size"":null,""orig_name"":null,""mime_type"":null},{""path"":""gradio_cached_examples/10/Depth Map with Slider View/77a74bf9a8b726b43527/image.png"",""url"":null,""size"":null,""orig_name"":null,""mime_type"":null}]","{""path"":""gradio_cached_examples/10/16-bit raw depth can be considered as disparity/15a5f2af5dd722fc8744/tmpoa5cegft.png"",""url"":null,""size"":166045,""orig_name"":""tmpoa5cegft.png"",""mime_type"":null}",,,2024-01-28 08:10:59.151919
"[{""path"":""gradio_cached_examples/10/Depth Map with Slider View/d46d78979e78833ffaf2/image.png"",""url"":null,""size"":null,""orig_name"":null,""mime_type"":null},{""path"":""gradio_cached_examples/10/Depth Map with Slider View/b5f91bc92d565d43d58a/image.png"",""url"":null,""size"":null,""orig_name"":null,""mime_type"":null}]","{""path"":""gradio_cached_examples/10/16-bit raw depth can be considered as disparity/1c62dac98b00474c5ff7/tmp9rjz_r86.png"",""url"":null,""size"":265737,""orig_name"":""tmp9rjz_r86.png"",""mime_type"":null}",,,2024-01-28 08:11:01.831644
"[{""path"":""gradio_cached_examples/10/Depth Map with Slider View/1019fed23bb202db943c/image.png"",""url"":null,""size"":null,""orig_name"":null,""mime_type"":null},{""path"":""gradio_cached_examples/10/Depth Map with Slider View/64dd09ea73b9bbd2b0ee/image.png"",""url"":null,""size"":null,""orig_name"":null,""mime_type"":null}]","{""path"":""gradio_cached_examples/10/16-bit raw depth can be considered as disparity/78a1705258a316940e93/tmp3df_9x2t.png"",""url"":null,""size"":199382,""orig_name"":""tmp3df_9x2t.png"",""mime_type"":null}",,,2024-01-28 08:11:04.340936
